first_name,last_name,email,password,role,organisation
Frank,Bone,frank@lacity.org,eden,ADMIN,lacity.org
Joe,Bloggs,joe@example.com,eden,ORG_VOL,
Jeff,Wayne,jeff@example.com,eden,ORG_VOL,
Jim,Jones,jim@example.com,eden,BOC,
Jane,Doe,jane@example.com,eden,,
Cecilia,Key,cecilia.key@example.com,eden,,
Emerald,Potter,emerald.potter@example.com,eden,,
Bethany,Poole,bethany.poole@example.com,eden,,
Odette,Combs,odette.combs@example.com,eden,,
Mia,Rivera,mia.rivera@example.com,eden,,
Phyllis,Peck,phyllis.peck@example.com,eden,,
Maile,Strickland,maile.strickland@example.com,eden,,
Martena,Richards,martena.richards@example.com,eden,,
Echo,Obrien,echo.obrien@example.com,eden,,
Sandra,Mckay,sandra.mckay@example.com,eden,,
Willow,Owens,willow.owens@example.com,eden,,
Wanda,Mullen,wanda.mullen@example.com,eden,,
Alana,Ellison,alana.ellison@example.com,eden,,
Pascale,Snow,pascale.snow@example.com,eden,,
Josephine,Wallace,josephine.wallace@example.com,eden,,
Adrienne,Miller,adrienne.miller@example.com,eden,,
Jasmine,Evans,jasmine.evans@example.com,eden,,
Hilda,Levine,hilda.levine@example.com,eden,,
Adena,Blankenship,adena.blankenship@example.com,eden,,
Ora,Newton,ora.newton@example.com,eden,,
Shelley,James,shelley.james@example.com,eden,,
Iliana,Hurley,iliana.hurley@example.com,eden,,
Hedda,Aguirre,hedda.aguirre@example.com,eden,,
Daryl,Mcleod,daryl.mcleod@example.com,eden,,
Natalie,Bates,natalie.bates@example.com,eden,,
Constance,Moon,constance.moon@example.com,eden,,
Petra,Carrillo,petra.carrillo@example.com,eden,,
Fiona,Reynolds,fiona.reynolds@example.com,eden,,
Ivory,Avery,ivory.avery@example.com,eden,,
Marcia,Stokes,marcia.stokes@example.com,eden,,
Wynter,Miller,wynter.miller@example.com,eden,,
Kerry,Harris,kerry.harris@example.com,eden,,
Tara,Stafford,tara.stafford@example.com,eden,,
Vanna,Tucker,vanna.tucker@example.com,eden,,
Wendy,Moses,wendy.moses@example.com,eden,,
Lilah,Roth,lilah.roth@example.com,eden,,
Britanney,Webb,britanney.webb@example.com,eden,,
Elaine,Jacobson,elaine.jacobson@example.com,eden,,
Wynne,Justice,wynne.justice@example.com,eden,,
Audra,Morin,audra.morin@example.com,eden,,
Jonas,Fernandez,jonas.fernandez@example.com,eden,,
Dennis,Farmer,dennis.farmer@example.com,eden,,
Harlan,Mathis,harlan.mathis@example.com,eden,,
Allistair,Simon,allistair.simon@example.com,eden,,
Kirk,Murray,kirk.murray@example.com,eden,,
Noble,Mack,noble.mack@example.com,eden,,
Derek,Dean,derek.dean@example.com,eden,,
Wade,Cole,wade.cole@example.com,eden,,
Beau,Stephens,beau.stephens@example.com,eden,,
Beau,Barnett,beau.barnett@example.com,eden,,
Jerome,Nicholson,jerome.nicholson@example.com,eden,,
Ryder,Moreno,ryder.moreno@example.com,eden,,
Leo,Brady,leo.brady@example.com,eden,,
Blake,Mcbride,blake.mcbride@example.com,eden,,
Kennedy,Cole,kennedy.cole@example.com,eden,,
Colby,Burgess,colby.burgess@example.com,eden,,
Hu,Kinney,hu.kinney@example.com,eden,,
George,Tillman,george.tillman@example.com,eden,,
Ashton,Holmes,ashton.holmes@example.com,eden,,
Otto,Nichols,otto.nichols@example.com,eden,,
Baxter,Jarvis,baxter.jarvis@example.com,eden,,
Colby,Hall,colby.hall@example.com,eden,,
Nash,Chen,nash.chen@example.com,eden,,
Kasper,Ross,kasper.ross@example.com,eden,,
Alvin,Myers,alvin.myers@example.com,eden,,
Ryan,Marsh,ryan.marsh@example.com,eden,,
Elmo,Nolan,elmo.nolan@example.com,eden,,
Christopher,Warner,christopher.warner@example.com,eden,,
Plato,Fry,plato.fry@example.com,eden,,
Jerry,Good,jerry.good@example.com,eden,,
Jamal,Pugh,jamal.pugh@example.com,eden,,
Hu,Wilkerson,hu.wilkerson@example.com,eden,,
Curran,Spencer,curran.spencer@example.com,eden,,
Stewart,Fuentes,stewart.fuentes@example.com,eden,,
Drake,Mercer,drake.mercer@example.com,eden,,
Yoshio,Hartman,yoshio.hartman@example.com,eden,,
Baxter,Cotton,baxter.cotton@example.com,eden,,
Porter,Rosa,porter.rosa@example.com,eden,,
Gabriel,Gibson,gabriel.gibson@example.com,eden,,
Kevin,Hess,kevin.hess@example.com,eden,,
